Workbook
Name AA: #REF!
Name ADAD: #REF!
Name AEEA: #REF!
Name BB: #REF!
Name CC: #REF!
Name ĐÂ: #REF!
Name DD: #REF!
Name DE: #REF!
Name ds_hm: OFFSET('[1]BANG THEO DOI CHINH XAC'!$B:$B,0,0,COUNTA('[1]BANG THEO DOI CHINH XAC'!$B:$B)-1,1)
Name ds_hmtm: OFFSET('[1]BANG THEO DOI CHINH XAC'!$B:$B,MATCH('[1]BANG THEO DOI CHINH XAC'!A1:G2&"*",ds_hm,0)-1,0,COUNTIF(ds_hm,'[1]BANG THEO DOI CHINH XAC'!A1:G2&"*"),1)
Name Ể: #REF!
Name ÊRWRWRWRWR: #REF!
Name FSF: #REF!
Name FSFSF: #REF!
Name GDGD: #REF!
Name M: #REF!
Name MEAT_LONG_AN___NHÀ_XE_3_TẦNG: OFFSET([1]!Table1[TÊN HẠNG MỤC],MATCH('[1]BANG THEO DOI CHINH XAC'!A1&"*",TTT,0)-1,COUNTIF(TTT,'[1]BANG THEO DOI CHINH XAC'!A1&"*"),1)
Name mnr2c33: #REF!
Name mnr8c33: #REF!
Name ProjectList: [2]!Các_dự_án[DỰ ÁN]
Name ProjectStart: [3]!Nhiệm_vụ[[#Headers],[Dự án]]
Name RƯER: #REF!
Name SFSF: #REF!
Name TYPE: #REF!
Name YN_TYPE: #REF!

Sheet BIÊN BẢN BÀN GIAO
B5: BIÊN BẢN NGHIỆM THU VÀ BÀN GIAO SẢN PHẨM PROTOCOL OF PRODUCT ACCEPTANCE AND HANDOVER
C6: □ CK hoàn thiện/ Finished CK | G6: □ CK chưa hoàn thiện/Unfinished CK | K6: □ Chi tiết/phôi/ Detail/workpiece
J7: =[4]DATA!A3 -> 21.012-1 | S7: =VALUE(LEFT(K7,FIND(".",K7)-1)) -> #VALUE!
B8: CÔNG TRÌNH/ PROJECT : 10725-009 DGRP VIOLA - STRUCTURAL STEEL | K8: Ngày ban hành: 12/9/2025 [ Xưởng sản xuất]
B9: HẠNG MỤC : MAIN STRUCTURE + ERECTION RIG BEAM DETAIL | V9: =25+418+1021+187.5+100 -> 1751.5
B10: Địa điểm gia công/Production Location:AN HẠ - AH4 | K10: Ngày Bàn Giao: | V10: =25+556+731+731+798+411+100 -> 3352 | W10: =25+158+100 -> 283
B12: STT | C12: Tên - Mã số/ Name - Code | G12: Quy Cách/ Specification | H12: Chiều dài/ Length | I12: ĐVT/ Unit | J12: Số lượng/ Quantity | K12: Khối Lượng/ Weight [Kg] | L12: T.Khối lượng/ Total Weight [Kg] | M12: Diện Tích/ paint Area [M2] | N12: T.Diện Tích/ Total Area [M2] | O12: Barcode | P12: Rev | S12: Ghi Chú/ Remark
B14: A | J14: =SUBTOTAL(9,J15:J694) -> 46 | L14: =SUBTOTAL(9,L15:L694) -> 7539.58 | N14: =SUBTOTAL(9,N15:N694) -> 0
A15: =IF(B15="","","PRINT") -> PRINT | B15: =IF(C15="","",ROW()-14) -> 1 | C15: 1-01ERC3001-001 | D15: =MID(C15,3,13) -> 01ERC3001-001 | E15: =MID(D15,3,7) -> ERC3001 | F15: ERECTION RIG COLUMN | G15: H200*100*5.5*8 | H15: 3650 | I15: PCS | J15: 1 | K15: 117.43 | L15: 117.43 | M15: 2512101001A000220 | O15: 2602801007A000081 | P15: Rev.0 | Q15: F | R15: Dim,Visual
A16: =IF(B16="","","PRINT") -> PRINT | B16: =IF(C16="","",ROW()-14) -> 2 | C16: 1-01ERC3001-004 | D16: =MID(C16,3,13) -> 01ERC3001-004 | E16: =MID(D16,3,7) -> ERC3001 | F16: ERECTION RIG COLUMN | G16: H200*100*5.5*8 | H16: 3650 | I16: PCS | J16: 1 | K16: 117.43 | L16: 117.43 | O16: 2602801007A000080 | P16: Rev.0 | Q16: F | R16: Dim,Visual
A17: =IF(B17="","","PRINT") -> PRINT | B17: =IF(C17="","",ROW()-14) -> 3 | C17: 1-01ERC3001-003 | D17: =MID(C17,3,13) -> 01ERC3001-003 | E17: =MID(D17,3,7) -> ERC3001 | F17: ERECTION RIG COLUMN | G17: H200*100*5.5*8 | H17: 3650 | I17: PCS | J17: 1 | K17: 117.43 | L17: 117.43 | O17: 2602801007A000046 | P17: Rev.0 | Q17: F | R17: Dim,Visual
A18: =IF(B18="","","PRINT") -> PRINT | B18: =IF(C18="","",ROW()-14) -> 4 | C18: 1-01ERC3001-002 | D18: =MID(C18,3,13) -> 01ERC3001-002 | E18: =MID(D18,3,7) -> ERC3001 | F18: ERECTION RIG COLUMN | G18: H200*100*5.5*8 | H18: 3650 | I18: PCS | J18: 1 | K18: 117.43 | L18: 117.43 | O18: 2602801007A000043 | P18: Rev.0 | Q18: F | R18: Dim,Visual
A19: =IF(B19="","","PRINT") -> PRINT | B19: =IF(C19="","",ROW()-14) -> 5 | C19: 1-01ERC3002-002 | D19: =MID(C19,3,13) -> 01ERC3002-002 | E19: =MID(D19,3,7) -> ERC3002 | F19: ERECTION RIG COLUMN | G19: H200*100*5.5*8 | H19: 3650 | I19: PCS | J19: 1 | K19: 117.7 | L19: 117.7 | O19: 2602801007A000047 | P19: Rev.0 | Q19: F | R19: Dim,Visual
A20: =IF(B20="","","PRINT") -> PRINT | B20: =IF(C20="","",ROW()-14) -> 6 | C20: 1-01ERC3002-001 | D20: =MID(C20,3,13) -> 01ERC3002-001 | E20: =MID(D20,3,7) -> ERC3002 | F20: ERECTION RIG COLUMN | G20: H200*100*5.5*8 | H20: 3650 | I20: PCS | J20: 1 | K20: 117.7 | L20: 117.7 | O20: 2602801007A000044 | P20: Rev.0 | Q20: F | R20: Dim,Visual
A21: =IF(B21="","","PRINT") -> PRINT | B21: =IF(C21="","",ROW()-14) -> 7 | C21: 1-01ERC3012-008 | D21: =MID(C21,3,13) -> 01ERC3012-008 | E21: =MID(D21,3,7) -> ERC3012 | F21: ERECTION COLUMN | G21: H200*100*5.5*8 | H21: 750 | I21: PCS | J21: 1 | K21: 56.47 | L21: 56.47 | O21: 2602801007A000104 | P21: Rev.0 | Q21: F | R21: Dim,Visual
A22: =IF(B22="","","PRINT") -> PRINT | B22: =IF(C22="","",ROW()-14) -> 8 | C22: 1-01ERC3012-001 | D22: =MID(C22,3,13) -> 01ERC3012-001 | E22: =MID(D22,3,7) -> ERC3012 | F22: ERECTION COLUMN | G22: H200*100*5.5*8 | H22: 750 | I22: PCS | J22: 1 | K22: 56.47 | L22: 56.47 | O22: 2602801007A000109 | P22: Rev.0 | Q22: F | R22: Dim,Visual
A23: =IF(B23="","","PRINT") -> PRINT | B23: =IF(C23="","",ROW()-14) -> 9 | C23: 1-01ERC3012-012 | D23: =MID(C23,3,13) -> 01ERC3012-012 | E23: =MID(D23,3,7) -> ERC3012 | F23: ERECTION COLUMN | G23: H200*100*5.5*8 | H23: 750 | I23: PCS | J23: 1 | K23: 56.47 | L23: 56.47 | O23: 2602801007A000105 | P23: Rev.0 | Q23: F | R23: Dim,Visual
A24: =IF(B24="","","PRINT") -> PRINT | B24: =IF(C24="","",ROW()-14) -> 10 | C24: 1-01ERC3012-002 | D24: =MID(C24,3,13) -> 01ERC3012-002 | E24: =MID(D24,3,7) -> ERC3012 | F24: ERECTION COLUMN | G24: H200*100*5.5*8 | H24: 750 | I24: PCS | J24: 1 | K24: 56.47 | L24: 56.47 | O24: 2602801007A000110 | P24: Rev.0 | Q24: F | R24: Dim,Visual
A25: =IF(B25="","","PRINT") -> PRINT | B25: =IF(C25="","",ROW()-14) -> 11 | C25: 1-01ERC3012-004 | D25: =MID(C25,3,13) -> 01ERC3012-004 | E25: =MID(D25,3,7) -> ERC3012 | F25: ERECTION COLUMN | G25: H200*100*5.5*8 | H25: 750 | I25: PCS | J25: 1 | K25: 56.47 | L25: 56.47 | O25: 2602801007A000002 | P25: Rev.0 | Q25: F | R25: Dim,Visual
A26: =IF(B26="","","PRINT") -> PRINT | B26: =IF(C26="","",ROW()-14) -> 12 | C26: 1-01ERC3012-010 | D26: =MID(C26,3,13) -> 01ERC3012-010 | E26: =MID(D26,3,7) -> ERC3012 | F26: ERECTION COLUMN | G26: H200*100*5.5*8 | H26: 750 | I26: PCS | J26: 1 | K26: 56.47 | L26: 56.47 | O26: 2602801007A000108 | P26: Rev.0 | Q26: F | R26: Dim,Visual
A27: =IF(B27="","","PRINT") -> PRINT | B27: =IF(C27="","",ROW()-14) -> 13 | C27: 1-01ERC3012-009 | D27: =MID(C27,3,13) -> 01ERC3012-009 | E27: =MID(D27,3,7) -> ERC3012 | F27: ERECTION COLUMN | G27: H200*100*5.5*8 | H27: 750 | I27: PCS | J27: 1 | K27: 56.47 | L27: 56.47 | O27: 2602801007A000103 | P27: Rev.0 | Q27: F | R27: Dim,Visual
... A56: =IF(B56="","","PRINT") -> PRINT | B56: =IF(C56="","",ROW()-14) -> 42 | C56: 1-01ERC3010-002 | D56: =MID(C56,3,13) -> 01ERC3010-002 | E56: =MID(D56,3,7) -> ERC3010 | F56: ERECTION RIG COLUMN | G56: H200*100*5.5*8 | H56: 1890 | I56: PCS | J56: 1 | K56: 80.85 | L56: 80.85 | O56: 2602801007A000067 | P56: Rev.0 | Q56: F | R56: Dim,Visual
A57: =IF(B57="","","PRINT") -> PRINT | B57: =IF(C57="","",ROW()-14) -> 43 | C57: 1-01PEB3014-001 | D57: =MID(C57,3,13) -> 01PEB3014-001 | E57: =MID(D57,3,7) -> PEB3014 | F57: PLENUM EDGE BEAM | G57: [250*90*9*13 | H57: 5363 | I57: =IF(E57="", "", "PCS") -> PCS | J57: =IF(E57="","",RANDBETWEEN(1,1)) -> 1 | K57: 713.64 | L57: =IFERROR(K57*J57,"-") -> 713.64 | O57: 2602801001A002715 | P57: Rev.2 | Q57: F | R57: Dim,Visual
A58: =IF(B58="","","PRINT") -> PRINT | B58: =IF(C58="","",ROW()-14) -> 44 | C58: 2-03USG3003-001 | D58: =MID(C58,3,13) -> 03USG3003-001 | E58: =MID(D58,3,7) -> USG3003 | F58: UNDER GIRDER | G58: HSS355.5X9.53 | H58: 10785 | I58: =IF(E58="", "", "PCS") -> PCS | J58: =IF(E58="","",RANDBETWEEN(1,1)) -> 1 | K58: 1153.78 | L58: =IFERROR(K58*J58,"-") -> 1153.78 | O58: 2602801001A008429 | P58: Rev.0 | Q58: F | R58: Dim,Visual
A59: =IF(B59="","","PRINT") -> PRINT | B59: =IF(C59="","",ROW()-14) -> 45 | C59: 4-02USG3008-001 | D59: =MID(C59,3,13) -> 02USG3008-001 | E59: =MID(D59,3,7) -> USG3008 | F59: UNDER GIRDER | G59: HSS355.5X9.53 | H59: 11800 | I59: =IF(E59="", "", "PCS") -> PCS | J59: =IF(E59="","",RANDBETWEEN(1,1)) -> 1 | K59: 992.31 | L59: =IFERROR(K59*J59,"-") -> 992.31 | P59: Rev.0 | Q59: F | R59: Dim,Visual
A60: =IF(B60="","","PRINT") -> PRINT | B60: =IF(C60="","",ROW()-14) -> 46 | C60: 4-06USG3006-001 | D60: =MID(C60,3,13) -> 06USG3006-001 | E60: =MID(D60,3,7) -> USG3006 | F60: UNDER GIRDER | G60: HSS355.5X9.53 | H60: 11824 | I60: =IF(E60="", "", "PCS") -> PCS | J60: =IF(E60="","",RANDBETWEEN(1,1)) -> 1 | K60: 994.09 | L60: =IFERROR(K60*J60,"-") -> 994.09 | P60: Rev.0 | Q60: F | R60: Dim,Visual
A61: =IF(B61="","","PRINT") | B61: =IF(C61="","",ROW()-14) | D61: =MID(C61,3,13) | E61: =MID(D61,3,7) | F61: FAN DECK BEAM | G61: H200*100*5.5*8 | H61: 778 | I61: PCS | J61: 1 | K61: 16.56 | L61: 16.56 | O61: 2512101001A030867 | P61: Rev.0 | R61: Dim
A62: =IF(B62="","","PRINT") | B62: =IF(C62="","",ROW()-14) | D62: =MID(C62,3,13) | E62: =MID(D62,3,7) | F62: FAN DECK BEAM | G62: H200*100*5.5*8 | H62: 778 | I62: PCS | J62: 1 | K62: 16.56 | L62: 16.56 | O62: 2512101001A040614 | P62: Rev.0 | R62: Dim
A63: =IF(B63="","","PRINT") | B63: =IF(C63="","",ROW()-14) | D63: =MID(C63,3,13) | E63: =MID(D63,3,7) | F63: FAN DECK BEAM | G63: H200*100*5.5*8 | H63: 778 | I63: PCS | J63: 1 | K63: 16.56 | L63: 16.56 | O63: 2512101001A040352 | P63: Rev.0 | R63: Dim
A64: =IF(B64="","","PRINT") | B64: =IF(C64="","",ROW()-14) | D64: =MID(C64,3,13) | E64: =MID(D64,3,7) | F64: FAN DECK BEAM | G64: H200*100*5.5*8 | H64: 778 | I64: PCS | J64: 1 | K64: 16.56 | L64: 16.56 | O64: 2512101001A040184 | P64: Rev.0 | R64: Dim
A65: =IF(B65="","","PRINT") | B65: =IF(C65="","",ROW()-14) | D65: =MID(C65,3,13) | E65: =MID(D65,3,7) | F65: FAN DECK BEAM | G65: H200*100*5.5*8 | H65: 198 | I65: PCS | J65: 1 | K65: 4.21 | L65: 4.21 | O65: 2512101001A032614 | P65: Rev.0 | R65: Dim
A66: =IF(B66="","","PRINT") | B66: =IF(C66="","",ROW()-14) | D66: =MID(C66,3,13) | E66: =MID(D66,3,7) | F66: FAN DECK BEAM | G66: H200*100*5.5*8 | H66: 198 | I66: PCS | J66: 1 | K66: 4.21 | L66: 4.21 | O66: 2512101001A041918 | P66: Rev.0 | R66: Dim
A67: =IF(B67="","","PRINT") | B67: =IF(C67="","",ROW()-14) | D67: =MID(C67,3,13) | E67: =MID(D67,3,7) | F67: FAN DECK BEAM | G67: H200*100*5.5*8 | H67: 198 | I67: PCS | J67: 1 | K67: 4.21 | L67: 4.21 | O67: 2512101001A033838 | P67: Rev.0 | R67: Dim
A68: =IF(B68="","","PRINT") | B68: =IF(C68="","",ROW()-14) | D68: =MID(C68,3,13) | E68: =MID(D68,3,7) | F68: FAN DECK BEAM | G68: H200*100*5.5*8 | H68: 198 | I68: PCS | J68: 1 | K68: 4.21 | L68: 4.21 | O68: 2512101001A033551 | P68: Rev.0 | R68: Dim
A69: =IF(B69="","","PRINT") | B69: =IF(C69="","",ROW()-14) | D69: =MID(C69,3,13) | E69: =MID(D69,3,7) | F69: FAN DECK BEAM | G69: H200*100*5.5*8 | H69: 198 | I69: PCS | J69: 1 | K69: 4.21 | L69: 4.21 | O69: 2512101001A031658 | P69: Rev.0 | R69: Dim
A70: =IF(B70="","","PRINT") | B70: =IF(C70="","",ROW()-14) | D70: =MID(C70,3,13) | E70: =MID(D70,3,7) | F70: FAN DECK BEAM | G70: H200*100*5.5*8 | H70: 198 | I70: PCS | J70: 1 | K70: 4.21 | L70: 4.21 | O70: 2512101001A041501 | P70: Rev.0 | R70: Dim
A71: =IF(B71="","","PRINT") | B71: =IF(C71="","",ROW()-14) | D71: =MID(C71,3,13) | E71: =MID(D71,3,7) | F71: FAN DECK BEAM | G71: H200*100*5.5*8 | H71: 198 | I71: PCS | J71: 1 | K71: 4.21 | L71: 4.21 | O71: 2512101001A034453 | P71: Rev.0 | R71: Dim
A72: =IF(B72="","","PRINT") | B72: =IF(C72="","",ROW()-14) | D72: =MID(C72,3,13) | E72: =MID(D72,3,7) | F72: FAN DECK BEAM | G72: H200*100*5.5*8 | H72: 198 | I72: PCS | J72: 1 | K72: 4.21 | L72: 4.21 | O72: 2512101001A031785 | P72: Rev.0 | R72: Dim
A73: =IF(B73="","","PRINT") | B73: =IF(C73="","",ROW()-14) | D73: =MID(C73,3,13) | E73: =MID(D73,3,7) | F73: FAN DECK BEAM | G73: H200*100*5.5*8 | H73: 1122 | I73: =IF(E73="", "", "PCS") | J73: =IF(E73="","",RANDBETWEEN(1,1)) | K73: 27.75 | L73: =IFERROR(K73*J73,"-") -> - | O73: 2512101001A036105 | P73: Rev.0 | Q73: F | R73: Dim,Visual
A74: =IF(B74="","","PRINT") | B74: =IF(C74="","",ROW()-14) | D74: =MID(C74,3,13) | E74: =MID(D74,3,7) | F74: FAN DECK BEAM | G74: H200*100*5.5*8 | H74: 1122 | I74: =IF(E74="", "", "PCS") | J74: =IF(E74="","",RANDBETWEEN(1,1)) | K74: 27.75 | L74: =IFERROR(K74*J74,"-") -> - | O74: 2512101001A039061 | P74: Rev.0 | Q74: F | R74: Dim,Visual
A75: =IF(B75="","","PRINT") | B75: =IF(C75="","",ROW()-14) | D75: =MID(C75,3,13) | E75: =MID(D75,3,7) | F75: FAN DECK BEAM | G75: H200*100*5.5*8 | H75: 1122 | I75: =IF(E75="", "", "PCS") | J75: =IF(E75="","",RANDBETWEEN(1,1)) | K75: 27.75 | L75: =IFERROR(K75*J75,"-") -> - | O75: 2512101001A033657 | P75: Rev.0 | Q75: F | R75: Dim,Visual
A76: =IF(B76="","","PRINT") | B76: =IF(C76="","",ROW()-14) | D76: =MID(C76,3,13) | E76: =MID(D76,3,7) | F76: FAN DECK BEAM | G76: H200*100*5.5*8 | H76: 1122 | I76: =IF(E76="", "", "PCS") | J76: =IF(E76="","",RANDBETWEEN(1,1)) | K76: 27.75 | L76: =IFERROR(K76*J76,"-") -> - | O76: 2512101001A038865 | P76: Rev.0 | Q76: F | R76: Dim,Visual
A77: =IF(B77="","","PRINT") | B77: =IF(C77="","",ROW()-14) | D77: =MID(C77,3,13) | E77: =MID(D77,3,7) | F77: FAN DECK BEAM | G77: H200*100*5.5*8 | H77: 1122 | I77: =IF(E77="", "", "PCS") | J77: =IF(E77="","",RANDBETWEEN(1,1)) | K77: 27.75 | L77: =IFERROR(K77*J77,"-") -> - | O77: 2512101001A032334 | P77: Rev.0 | Q77: F | R77: Dim,Visual
A78: =IF(B78="","","PRINT") | B78: =IF(C78="","",ROW()-14) | D78: =MID(C78,3,13) | E78: =MID(D78,3,7) | F78: FAN DECK BEAM | G78: H200*100*5.5*8 | H78: 1122 | I78: =IF(E78="", "", "PCS") | J78: =IF(E78="","",RANDBETWEEN(1,1)) | K78: 27.75 | L78: =IFERROR(K78*J78,"-") -> - | O78: 2512101001A039678 | P78: Rev.0 | Q78: F | R78: Dim,Visual
A79: =IF(B79="","","PRINT") | B79: =IF(C79="","",ROW()-14) | D79: =MID(C79,3,13) | E79: =MID(D79,3,7) | F79: BUNDLE TRUSS GIRDER | G79: C250X100X12 (BEND) | H79: 11360 | I79: =IF(E79="", "", "PCS") | J79: =IF(E79="","",RANDBETWEEN(1,1)) | K79: 3554.27 | L79: =IFERROR(K79*J79,"-") -> - | O79: 2512101001A012372 | P79: Rev.0 | Q79: F | R79: Dim,Visual,NDT
A80: =IF(B80="","","PRINT") | B80: =IF(C80="","",ROW()-14) | D80: =MID(C80,3,13) | E80: =MID(D80,3,7) | F80: BUNDLE TRUSS GIRDER | G80: C250X100X12 (BEND) | H80: 3559 | I80: =IF(E80="", "", "PCS") | J80: =IF(E80="","",RANDBETWEEN(1,1)) | K80: 844.86 | L80: =IFERROR(K80*J80,"-") -> - | O80: 2512101001A012360 | P80: Rev.0 | Q80: F | R80: Dim,Visual
A81: =IF(B81="","","PRINT") | B81: =IF(C81="","",ROW()-14) | D81: =MID(C81,3,13) | E81: =MID(D81,3,7) | F81: BUNDLE TRUSS GIRDER | G81: PL12X356 | H81: 3977 | I81: =IF(E81="", "", "PCS") | J81: =IF(E81="","",RANDBETWEEN(1,1)) | K81: 1059.58 | L81: =IFERROR(K81*J81,"-") -> - | O81: 2512101001A033034 | P81: Rev.0 | Q81: B-F | R81: Dim,Visual,NDT
A82: =IF(B82="","","PRINT") | B82: =IF(C82="","",ROW()-14) | D82: =MID(C82,3,13) | E82: =MID(D82,3,7) | F82: BUNDLE TRUSS GIRDER | G82: PL12X356 | H82: 3977 | I82: =IF(E82="", "", "PCS") | J82: =IF(E82="","",RANDBETWEEN(1,1)) | K82: 1059.58 | L82: =IFERROR(K82*J82,"-") -> - | O82: 2512101001A041724 | P82: Rev.0 | Q82: B-F | R82: Dim,Visual,NDT
A83: =IF(B83="","","PRINT") | B83: =IF(C83="","",ROW()-14) | D83: =MID(C83,3,13) | E83: =MID(D83,3,7) | F83: BUNDLE TRUSS GIRDER | G83: PL12X356 | H83: 3977 | I83: =IF(E83="", "", "PCS") | J83: =IF(E83="","",RANDBETWEEN(1,1)) | K83: 1059.58 | L83: =IFERROR(K83*J83,"-") -> - | O83: 2512101001A031235 | P83: Rev.0 | Q83: B-F | R83: Dim,Visual,NDT
A84: =IF(B84="","","PRINT") | B84: =IF(C84="","",ROW()-14) | D84: =MID(C84,3,13) | E84: =MID(D84,3,7) | F84: FAN DECK BEAM | G84: H200*200*8*12 | H84: 5967 | I84: PCS | J84: 1 | K84: 872.7 | L84: 872.7 | O84: 2512101001A036839 | P84: Rev.2 | Q84: F | R84: Dim,Visual
A85: =IF(B85="","","PRINT") | B85: =IF(C85="","",ROW()-14) | D85: =MID(C85,3,13) | E85: =MID(D85,3,7) | F85: FAN DECK BEAM | G85: H200*200*8*12 | H85: 5967 | I85: PCS | J85: 1 | K85: 872.7 | L85: 872.7 | O85: 2512101001A031331 | P85: Rev.2 | Q85: F | R85: Dim,Visual
A86: =IF(B86="","","PRINT") | B86: =IF(C86="","",ROW()-14) | D86: =MID(C86,3,13) | E86: =MID(D86,3,7) | F86: FAN DECK BEAM | G86: H200*200*8*12 | H86: 5967 | I86: PCS | J86: 1 | K86: 872.7 | L86: 872.7 | O86: 2512101001A038690 | P86: Rev.1 | Q86: F | R86: Dim,Visual
A87: =IF(B87="","","PRINT") | B87: =IF(C87="","",ROW()-14) | D87: =MID(C87,3,13) | E87: =MID(D87,3,7) | F87: FAN DECK BEAM | G87: H200*200*8*12 | H87: 5967 | I87: PCS | J87: 1 | K87: 874.32 | L87: 874.32 | O87: 2512101001A038374 | P87: Rev.1 | Q87: F | R87: Dim,Visual
A88: =IF(B88="","","PRINT") | B88: =IF(C88="","",ROW()-14) | D88: =MID(C88,3,13) | E88: =MID(D88,3,7) | F88: FAN DECK BEAM | G88: H200*200*8*12 | H88: 5967 | I88: PCS | J88: 1 | K88: 874.32 | L88: 874.32 | O88: 2512101001A038280 | P88: Rev.2 | Q88: F | R88: Dim,Visual
A89: =IF(B89="","","PRINT") | B89: =IF(C89="","",ROW()-14) | D89: =MID(C89,3,13) | E89: =MID(D89,3,7) | F89: FAN DECK BEAM | G89: H200*200*8*12 | H89: 5967 | I89: PCS | J89: 1 | K89: 874.32 | L89: 874.32 | O89: 2512101001A033296 | P89: Rev.2 | Q89: F | R89: Dim,Visual
A90: =IF(B90="","","PRINT") | B90: =IF(C90="","",ROW()-14) | D90: =MID(C90,3,13) | E90: =MID(D90,3,7) | F90: STAIR GIRDER | G90: H-200X200X8X12 | H90: 1805 | I90: =IF(E90="", "", "PCS") | J90: =IF(E90="","",RANDBETWEEN(1,1)) | K90: 100.23 | L90: =IFERROR(K90*J90,"-") -> - | O90: 2512101002A000431 | P90: Rev.0 | Q90: F | R90: Dim,Visual | S90: Rev tên
A91: =IF(B91="","","PRINT") | B91: =IF(C91="","",ROW()-14) | D91: =MID(C91,3,13) | E91: =MID(D91,3,7) | F91: STAIR GIRDER | G91: C250X90X12 (BEND) | H91: 1465 | I91: =IF(E91="", "", "PCS") | J91: =IF(E91="","",RANDBETWEEN(1,1)) | K91: 508.22 | L91: =IFERROR(K91*J91,"-") -> - | O91: 2512101002A000467 | P91: Rev.0 | Q91: F | R91: Dim,Visual | S91: Rev tên
A92: =IF(B92="","","PRINT") | B92: =IF(C92="","",ROW()-14) | D92: =MID(C92,3,13) | E92: =MID(D92,3,7) | F92: TE BEAM CLAMP | G92: PL6X125 | H92: 202 | I92: =IF(E92="", "", "PCS") | J92: =IF(E92="","",RANDBETWEEN(1,1)) | K92: 1.87 | L92: =IFERROR(K92*J92,"-") -> - | O92: 2512101007A000049 | P92: Rev.0 | Q92: F | R92: Dim,Visual
A93: =IF(B93="","","PRINT") | B93: =IF(C93="","",ROW()-14) | D93: =MID(C93,3,13) | E93: =MID(D93,3,7) | F93: TE BEAM CLAMP | G93: PL6X125 | H93: 202 | I93: =IF(E93="", "", "PCS") | J93: =IF(E93="","",RANDBETWEEN(1,1)) | K93: 1.87 | L93: =IFERROR(K93*J93,"-") -> - | O93: 2512101007A000046 | P93: Rev.0 | Q93: F | R93: Dim,Visual
A94: =IF(B94="","","PRINT") | B94: =IF(C94="","",ROW()-14) | D94: =MID(C94,3,13) | E94: =MID(D94,3,7) | F94: TE BEAM CLAMP | G94: PL6X125 | H94: 202 | I94: =IF(E94="", "", "PCS") | J94: =IF(E94="","",RANDBETWEEN(1,1)) | K94: 1.87 | L94: =IFERROR(K94*J94,"-") -> - | O94: 2512101007A000057 | P94: Rev.0 | Q94: F | R94: Dim,Visual
A95: =IF(B95="","","PRINT") | B95: =IF(C95="","",ROW()-14) | D95: =MID(C95,3,13) | E95: =MID(D95,3,7) | F95: TE BEAM CLAMP | G95: PL6X125 | H95: 202 | I95: =IF(E95="", "", "PCS") | J95: =IF(E95="","",RANDBETWEEN(1,1)) | K95: 1.87 | L95: =IFERROR(K95*J95,"-") -> - | O95: 2512101007A000012 | P95: Rev.0 | Q95: F | R95: Dim,Visual
A96: =IF(B96="","","PRINT") | B96: =IF(C96="","",ROW()-14) | D96: =MID(C96,3,13) | E96: =MID(D96,3,7) | F96: TE BEAM CLAMP | G96: PL6X125 | H96: 202 | I96: =IF(E96="", "", "PCS") | J96: =IF(E96="","",RANDBETWEEN(1,1)) | K96: 1.87 | L96: =IFERROR(K96*J96,"-") -> - | O96: 2512101007A000017 | P96: Rev.0 | Q96: F | R96: Dim,Visual
A97: =IF(B97="","","PRINT") | B97: =IF(C97="","",ROW()-14) | D97: =MID(C97,3,13) | E97: =MID(D97,3,7) | F97: TE BEAM CLAMP | G97: PL6X125 | H97: 202 | I97: =IF(E97="", "", "PCS") | J97: =IF(E97="","",RANDBETWEEN(1,1)) | K97: 1.87 | L97: =IFERROR(K97*J97,"-") -> - | O97: 2512101007A000010 | P97: Rev.0 | Q97: F | R97: Dim,Visual
A98: =IF(B98="","","PRINT") | B98: =IF(C98="","",ROW()-14) | D98: =MID(C98,3,13) | E98: =MID(D98,3,7) | F98: TE BEAM CLAMP | G98: PL10X50 | H98: 460 | I98: =IF(E98="", "", "PCS") | J98: =IF(E98="","",RANDBETWEEN(1,1)) | K98: 2.89 | L98: =IFERROR(K98*J98,"-") -> - | O98: 2512101007A000015 | P98: Rev.0 | R98: Dim
A99: =IF(B99="","","PRINT") | B99: =IF(C99="","",ROW()-14) | D99: =MID(C99,3,13) | E99: =MID(D99,3,7) | F99: TE BEAM CLAMP | G99: PL10X50 | H99: 460 | I99: =IF(E99="", "", "PCS") | J99: =IF(E99="","",RANDBETWEEN(1,1)) | K99: 2.89 | L99: =IFERROR(K99*J99,"-") -> - | O99: 2512101007A000038 | P99: Rev.0 | R99: Dim
A100: =IF(B100="","","PRINT") | B100: =IF(C100="","",ROW()-14) | D100: =MID(C100,3,13) | E100: =MID(D100,3,7) | F100: TE BEAM CLAMP | G100: PL10X50 | H100: 460 | I100: =IF(E100="", "", "PCS") | J100: =IF(E100="","",RANDBETWEEN(1,1)) | K100: 2.89 | L100: =IFERROR(K100*J100,"-") -> - | O100: 2512101007A000019 | P100: Rev.0 | R100: Dim
A101: =IF(B101="","","PRINT") | B101: =IF(C101="","",ROW()-14) | D101: =MID(C101,3,13) | E101: =MID(D101,3,7) | F101: TE BEAM CLAMP | G101: PL10X50 | H101: 460 | I101: =IF(E101="", "", "PCS") | J101: =IF(E101="","",RANDBETWEEN(1,1)) | K101: 2.89 | L101: =IFERROR(K101*J101,"-") -> - | O101: 2512101007A000045 | P101: Rev.0 | R101: Dim
A102: =IF(B102="","","PRINT") | B102: =IF(C102="","",ROW()-14) | D102: =MID(C102,3,13) | E102: =MID(D102,3,7) | F102: TE BEAM CLAMP | G102: PL10X50 | H102: 460 | I102: =IF(E102="", "", "PCS") | J102: =IF(E102="","",RANDBETWEEN(1,1)) | K102: 2.89 | L102: =IFERROR(K102*J102,"-") -> - | O102: 2512101007A000044 | P102: Rev.0 | R102: Dim
A103: =IF(B103="","","PRINT") | B103: =IF(C103="","",ROW()-14) | D103: =MID(C103,3,13) | E103: =MID(D103,3,7) | F103: TE BEAM CLAMP | G103: PL10X50 | H103: 460 | I103: =IF(E103="", "", "PCS") | J103: =IF(E103="","",RANDBETWEEN(1,1)) | K103: 2.89 | L103: =IFERROR(K103*J103,"-") -> - | O103: 2512101007A000041 | P103: Rev.0 | R103: Dim
A104: =IF(B104="","","PRINT") | B104: =IF(C104="","",ROW()-14) | D104: =MID(C104,3,13) | E104: =MID(D104,3,7) | F104: TE BEAM CLAMP | G104: PL10X50 | H104: 460 | I104: =IF(E104="", "", "PCS") | J104: =IF(E104="","",RANDBETWEEN(1,1)) | K104: 2.89 | L104: =IFERROR(K104*J104,"-") -> - | O104: 2512101007A000047 | P104: Rev.0 | R104: Dim
A105: =IF(B105="","","PRINT") | B105: =IF(C105="","",ROW()-14) | D105: =MID(C105,3,13) | E105: =MID(D105,3,7) | F105: TE BEAM CLAMP | G105: PL10X50 | H105: 460 | I105: =IF(E105="", "", "PCS") | J105: =IF(E105="","",RANDBETWEEN(1,1)) | K105: 2.89 | L105: =IFERROR(K105*J105,"-") -> - | O105: 2512101007A000043 | P105: Rev.0 | R105: Dim
A106: =IF(B106="","","PRINT") | B106: =IF(C106="","",ROW()-14) | D106: =MID(C106,3,13) | E106: =MID(D106,3,7) | F106: TE BEAM CLAMP | G106: PL10X50 | H106: 460 | I106: =IF(E106="", "", "PCS") | J106: =IF(E106="","",RANDBETWEEN(1,1)) | K106: 2.89 | L106: =IFERROR(K106*J106,"-") -> - | O106: 2512101007A000051 | P106: Rev.0 | R106: Dim
A107: =IF(B107="","","PRINT") | B107: =IF(C107="","",ROW()-14) | D107: =MID(C107,3,13) | E107: =MID(D107,3,7) | F107: TE BEAM CLAMP | G107: PL10X50 | H107: 460 | I107: =IF(E107="", "", "PCS") | J107: =IF(E107="","",RANDBETWEEN(1,1)) | K107: 2.89 | L107: =IFERROR(K107*J107,"-") -> - | O107: 2512101007A000048 | P107: Rev.0 | R107: Dim
A108: =IF(B108="","","PRINT") | B108: =IF(C108="","",ROW()-14) | D108: =MID(C108,3,13) | E108: =MID(D108,3,7) | F108: TE BEAM CLAMP | G108: PL10X50 | H108: 460 | I108: =IF(E108="", "", "PCS") | J108: =IF(E108="","",RANDBETWEEN(1,1)) | K108: 2.89 | L108: =IFERROR(K108*J108,"-") -> - | O108: 2512101007A000055 | P108: Rev.0 | R108: Dim
A109: =IF(B109="","","PRINT") | B109: =IF(C109="","",ROW()-14) | D109: =MID(C109,3,13) | E109: =MID(D109,3,7) | F109: TE BEAM CLAMP | G109: PL10X50 | H109: 460 | I109: =IF(E109="", "", "PCS") | J109: =IF(E109="","",RANDBETWEEN(1,1)) | K109: 2.89 | L109: =IFERROR(K109*J109,"-") -> - | O109: 2512101007A000013 | P109: Rev.0 | R109: Dim
... A116: =IF(B116="","","PRINT") | B116: =IF(C116="","",ROW()-14) | D116: =MID(C116,3,13) | E116: =MID(D116,3,7) | F116: TE BEAM CLAMP | G116: PL10X50 | H116: 460 | I116: =IF(E116="", "", "PCS") | J116: =IF(E116="","",RANDBETWEEN(1,1)) | K116: 2.89 | L116: =IFERROR(K116*J116,"-") -> - | O116: 2512101007A000037 | P116: Rev.0 | R116: Dim
A117: =IF(B117="","","PRINT")
A118: =IF(B118="","","PRINT")
A119: =IF(B119="","","PRINT")
A120: =IF(B120="","","PRINT")
A121: =IF(B121="","","PRINT")
A122: =IF(B122="","","PRINT")
A123: =IF(B123="","","PRINT")
A124: =IF(B124="","","PRINT")
A125: =IF(B125="","","PRINT")
A126: =IF(B126="","","PRINT")
A127: =IF(B127="","","PRINT")
A128: =IF(B128="","","PRINT")
... A694: =IF(B694="","","PRINT")
A695: =IF(B695="","","PRINT") -> PRINT | B695: TOTAL | J695: =SUBTOTAL(9,J15:J694) -> 46 | L695: =SUBTOTAL(9,L15:L694) -> 7539.58 | N695: =SUBTOTAL(9,N15:N694) -> 0
A696: =IF(B696="","","PRINT") -> PRINT | B696: PRODUCTION SUPERVISOR | G696: QC DEPARTMENT | K696: STORE DEPARTMENT
A697: =IF(B697="","","PRINT") -> PRINT | B697: (Đại diện bên giao Handover Representative) | G697: (Xác nhận đạt chất lượng Confirmation of Satisfied Quality) | K697: (Đại diện bên nhận và xuất kho Representative of Inventory Receiving and Delivery)

Sheet Sheet3
D3: ='BIÊN BẢN BÀN GIAO'!#REF! -> #REF! | E3: ='BIÊN BẢN BÀN GIAO'!#REF! -> #REF!
D4: ='BIÊN BẢN BÀN GIAO'!#REF! -> #REF! | E4: ='BIÊN BẢN BÀN GIAO'!#REF! -> #REF!
D5: ='BIÊN BẢN BÀN GIAO'!#REF! -> #REF! | E5: ='BIÊN BẢN BÀN GIAO'!#REF! -> #REF! | F5: 2 | G5: ='BIÊN BẢN BÀN GIAO'!#REF! -> #REF! | H5: ='BIÊN BẢN BÀN GIAO'!#REF! -> #REF!
D6: ='BIÊN BẢN BÀN GIAO'!#REF! -> #REF! | E6: ='BIÊN BẢN BÀN GIAO'!#REF! -> #REF!
D7: ='BIÊN BẢN BÀN GIAO'!#REF! -> #REF! | E7: ='BIÊN BẢN BÀN GIAO'!#REF! -> #REF! | F7: 2 | G7: ='BIÊN BẢN BÀN GIAO'!#REF! -> #REF! | H7: ='BIÊN BẢN BÀN GIAO'!#REF! -> #REF!
D8: ='BIÊN BẢN BÀN GIAO'!#REF! -> #REF! | E8: ='BIÊN BẢN BÀN GIAO'!#REF! -> #REF!
D9: ='BIÊN BẢN BÀN GIAO'!#REF! -> #REF! | E9: ='BIÊN BẢN BÀN GIAO'!#REF! -> #REF! | F9: 2 | G9: ='BIÊN BẢN BÀN GIAO'!#REF! -> #REF! | H9: ='BIÊN BẢN BÀN GIAO'!#REF! -> #REF!
D10: ='BIÊN BẢN BÀN GIAO'!#REF! -> #REF! | E10: ='BIÊN BẢN BÀN GIAO'!#REF! -> #REF! | F10: 2 | G10: ='BIÊN BẢN BÀN GIAO'!#REF! -> #REF! | H10: ='BIÊN BẢN BÀN GIAO'!#REF! -> #REF!
D11: ='BIÊN BẢN BÀN GIAO'!#REF! -> #REF! | E11: ='BIÊN BẢN BÀN GIAO'!#REF! -> #REF!
D12: ='BIÊN BẢN BÀN GIAO'!#REF! -> #REF! | E12: ='BIÊN BẢN BÀN GIAO'!#REF! -> #REF!
D13: ='BIÊN BẢN BÀN GIAO'!#REF! -> #REF! | E13: ='BIÊN BẢN BÀN GIAO'!#REF! -> #REF!
D14: ='BIÊN BẢN BÀN GIAO'!#REF! -> #REF! | E14: ='BIÊN BẢN BÀN GIAO'!#REF! -> #REF!
D15: ='BIÊN BẢN BÀN GIAO'!#REF! -> #REF! | E15: ='BIÊN BẢN BÀN GIAO'!#REF! -> #REF!
D16: ='BIÊN BẢN BÀN GIAO'!#REF! -> #REF! | E16: ='BIÊN BẢN BÀN GIAO'!#REF! -> #REF!
D17: ='BIÊN BẢN BÀN GIAO'!#REF! -> #REF! | E17: ='BIÊN BẢN BÀN GIAO'!#REF! -> #REF! | F17: 4
D18: ='BIÊN BẢN BÀN GIAO'!#REF! -> #REF! | E18: ='BIÊN BẢN BÀN GIAO'!#REF! -> #REF!
D19: ='BIÊN BẢN BÀN GIAO'!#REF! -> #REF! | E19: ='BIÊN BẢN BÀN GIAO'!#REF! -> #REF!
D20: ='BIÊN BẢN BÀN GIAO'!#REF! -> #REF! | E20: ='BIÊN BẢN BÀN GIAO'!#REF! -> #REF! | M20: FBB7003 | N20: 5
D21: ='BIÊN BẢN BÀN GIAO'!#REF! -> #REF! | E21: ='BIÊN BẢN BÀN GIAO'!#REF! -> #REF! | M21: FBB7010 | N21: 9
D22: ='BIÊN BẢN BÀN GIAO'!#REF! -> #REF! | E22: ='BIÊN BẢN BÀN GIAO'!#REF! -> #REF! | M22: FBB7004 | N22: 3
D23: ='BIÊN BẢN BÀN GIAO'!#REF! -> #REF! | E23: ='BIÊN BẢN BÀN GIAO'!#REF! -> #REF!
D24: ='BIÊN BẢN BÀN GIAO'!#REF! -> #REF! | E24: ='BIÊN BẢN BÀN GIAO'!#REF! -> #REF!
D25: ='BIÊN BẢN BÀN GIAO'!#REF! -> #REF! | E25: ='BIÊN BẢN BÀN GIAO'!#REF! -> #REF!
D26: ='BIÊN BẢN BÀN GIAO'!D15 -> 01ERC3001-001 | E26: ='BIÊN BẢN BÀN GIAO'!E15 -> ERC3001
D27: ='BIÊN BẢN BÀN GIAO'!#REF! -> #REF! | E27: ='BIÊN BẢN BÀN GIAO'!#REF! -> #REF!
D28: ='BIÊN BẢN BÀN GIAO'!D16 -> 01ERC3001-004 | E28: ='BIÊN BẢN BÀN GIAO'!E16 -> ERC3001
D29: ='BIÊN BẢN BÀN GIAO'!#REF! -> #REF! | E29: ='BIÊN BẢN BÀN GIAO'!#REF! -> #REF! | L29: =D16 -> #REF! | M29: =E16 -> #REF! | N29: 2
D30: ='BIÊN BẢN BÀN GIAO'!#REF! -> #REF! | E30: ='BIÊN BẢN BÀN GIAO'!#REF! -> #REF!
D31: ='BIÊN BẢN BÀN GIAO'!#REF! -> #REF! | E31: ='BIÊN BẢN BÀN GIAO'!#REF! -> #REF! | L31: =D34 -> #REF! | M31: =E34 -> #REF! | N31: 2
D32: ='BIÊN BẢN BÀN GIAO'!#REF! -> #REF! | E32: ='BIÊN BẢN BÀN GIAO'!#REF! -> #REF! | L32: =D35 -> #REF! | M32: =E35 -> #REF!
D33: ='BIÊN BẢN BÀN GIAO'!#REF! -> #REF! | E33: ='BIÊN BẢN BÀN GIAO'!#REF! -> #REF!
D34: ='BIÊN BẢN BÀN GIAO'!#REF! -> #REF! | E34: ='BIÊN BẢN BÀN GIAO'!#REF! -> #REF! | L34: =D72 -> #REF! | M34: =E72 -> #REF! | N34: 1
D35: ='BIÊN BẢN BÀN GIAO'!#REF! -> #REF! | E35: ='BIÊN BẢN BÀN GIAO'!#REF! -> #REF! | L35: =D73 -> #REF! | M35: =E73 -> #REF!
D36: ='BIÊN BẢN BÀN GIAO'!#REF! -> #REF! | E36: ='BIÊN BẢN BÀN GIAO'!#REF! -> #REF! | L36: =D74 -> #REF! | M36: =E74 -> #REF! | N36: 1
D37: ='BIÊN BẢN BÀN GIAO'!#REF! -> #REF! | E37: ='BIÊN BẢN BÀN GIAO'!#REF! -> #REF! | L37: =D75 -> 01ERC3001-003 | M37: =E75 -> ERC3001
D38: ='BIÊN BẢN BÀN GIAO'!#REF! -> #REF! | E38: ='BIÊN BẢN BÀN GIAO'!#REF! -> #REF!
D39: ='BIÊN BẢN BÀN GIAO'!#REF! -> #REF! | E39: ='BIÊN BẢN BÀN GIAO'!#REF! -> #REF!
D41: ='BIÊN BẢN BÀN GIAO'!#REF! -> #REF! | E41: ='BIÊN BẢN BÀN GIAO'!#REF! -> #REF!
D45: ='BIÊN BẢN BÀN GIAO'!#REF! -> #REF! | E45: ='BIÊN BẢN BÀN GIAO'!#REF! -> #REF! | F45: 2
D46: ='BIÊN BẢN BÀN GIAO'!#REF! -> #REF! | E46: ='BIÊN BẢN BÀN GIAO'!#REF! -> #REF!
D47: ='BIÊN BẢN BÀN GIAO'!#REF! -> #REF! | E47: ='BIÊN BẢN BÀN GIAO'!#REF! -> #REF!
D48: ='BIÊN BẢN BÀN GIAO'!#REF! -> #REF! | E48: ='BIÊN BẢN BÀN GIAO'!#REF! -> #REF!
D49: ='BIÊN BẢN BÀN GIAO'!#REF! -> #REF! | E49: ='BIÊN BẢN BÀN GIAO'!#REF! -> #REF!
D50: ='BIÊN BẢN BÀN GIAO'!#REF! -> #REF! | E50: ='BIÊN BẢN BÀN GIAO'!#REF! -> #REF!
D51: ='BIÊN BẢN BÀN GIAO'!#REF! -> #REF! | E51: ='BIÊN BẢN BÀN GIAO'!#REF! -> #REF!
D52: ='BIÊN BẢN BÀN GIAO'!#REF! -> #REF! | E52: ='BIÊN BẢN BÀN GIAO'!#REF! -> #REF!
D53: ='BIÊN BẢN BÀN GIAO'!#REF! -> #REF! | E53: ='BIÊN BẢN BÀN GIAO'!#REF! -> #REF! | F53: 6
D54: ='BIÊN BẢN BÀN GIAO'!#REF! -> #REF! | E54: ='BIÊN BẢN BÀN GIAO'!#REF! -> #REF!
D55: ='BIÊN BẢN BÀN GIAO'!#REF! -> #REF! | E55: ='BIÊN BẢN BÀN GIAO'!#REF! -> #REF!
D56: ='BIÊN BẢN BÀN GIAO'!#REF! -> #REF! | E56: ='BIÊN BẢN BÀN GIAO'!#REF! -> #REF!
D57: ='BIÊN BẢN BÀN GIAO'!#REF! -> #REF! | E57: ='BIÊN BẢN BÀN GIAO'!#REF! -> #REF!
D58: ='BIÊN BẢN BÀN GIAO'!#REF! -> #REF! | E58: ='BIÊN BẢN BÀN GIAO'!#REF! -> #REF!
D59: ='BIÊN BẢN BÀN GIAO'!#REF! -> #REF! | E59: ='BIÊN BẢN BÀN GIAO'!#REF! -> #REF!
D60: ='BIÊN BẢN BÀN GIAO'!#REF! -> #REF! | E60: ='BIÊN BẢN BÀN GIAO'!#REF! -> #REF! | J60: =25+120+1188+1050+1050 -> 3433
D61: ='BIÊN BẢN BÀN GIAO'!#REF! -> #REF! | E61: ='BIÊN BẢN BÀN GIAO'!#REF! -> #REF!
D62: ='BIÊN BẢN BÀN GIAO'!#REF! -> #REF! | E62: ='BIÊN BẢN BÀN GIAO'!#REF! -> #REF!
D63: ='BIÊN BẢN BÀN GIAO'!#REF! -> #REF! | E63: ='BIÊN BẢN BÀN GIAO'!#REF! -> #REF!
D64: ='BIÊN BẢN BÀN GIAO'!#REF! -> #REF! | E64: ='BIÊN BẢN BÀN GIAO'!#REF! -> #REF!
D65: ='BIÊN BẢN BÀN GIAO'!#REF! -> #REF! | E65: ='BIÊN BẢN BÀN GIAO'!#REF! -> #REF!
D66: ='BIÊN BẢN BÀN GIAO'!#REF! -> #REF! | E66: ='BIÊN BẢN BÀN GIAO'!#REF! -> #REF!
D67: ='BIÊN BẢN BÀN GIAO'!#REF! -> #REF! | E67: ='BIÊN BẢN BÀN GIAO'!#REF! -> #REF!
D68: ='BIÊN BẢN BÀN GIAO'!#REF! -> #REF! | E68: ='BIÊN BẢN BÀN GIAO'!#REF! -> #REF!
D69: ='BIÊN BẢN BÀN GIAO'!#REF! -> #REF! | E69: ='BIÊN BẢN BÀN GIAO'!#REF! -> #REF!
E70: ='BIÊN BẢN BÀN GIAO'!#REF! -> #REF!
D71: ='BIÊN BẢN BÀN GIAO'!#REF! -> #REF! | E71: ='BIÊN BẢN BÀN GIAO'!#REF! -> #REF!
D72: ='BIÊN BẢN BÀN GIAO'!#REF! -> #REF! | E72: ='BIÊN BẢN BÀN GIAO'!#REF! -> #REF!
D73: ='BIÊN BẢN BÀN GIAO'!#REF! -> #REF! | E73: ='BIÊN BẢN BÀN GIAO'!#REF! -> #REF!
D74: ='BIÊN BẢN BÀN GIAO'!#REF! -> #REF! | E74: ='BIÊN BẢN BÀN GIAO'!#REF! -> #REF!
D75: ='BIÊN BẢN BÀN GIAO'!D17 -> 01ERC3001-003 | E75: ='BIÊN BẢN BÀN GIAO'!E17 -> ERC3001
D76: ='BIÊN BẢN BÀN GIAO'!#REF! -> #REF! | E76: ='BIÊN BẢN BÀN GIAO'!#REF! -> #REF! | F76: 2
D77: ='BIÊN BẢN BÀN GIAO'!#REF! -> #REF! | E77: ='BIÊN BẢN BÀN GIAO'!#REF! -> #REF!
D78: ='BIÊN BẢN BÀN GIAO'!#REF! -> #REF! | E78: ='BIÊN BẢN BÀN GIAO'!#REF! -> #REF!
D79: ='BIÊN BẢN BÀN GIAO'!#REF! -> #REF! | E79: ='BIÊN BẢN BÀN GIAO'!#REF! -> #REF!
D80: ='BIÊN BẢN BÀN GIAO'!#REF! -> #REF! | E80: ='BIÊN BẢN BÀN GIAO'!#REF! -> #REF! | F80: 2
D81: ='BIÊN BẢN BÀN GIAO'!#REF! -> #REF! | E81: ='BIÊN BẢN BÀN GIAO'!#REF! -> #REF!
D82: ='BIÊN BẢN BÀN GIAO'!#REF! -> #REF! | E82: ='BIÊN BẢN BÀN GIAO'!#REF! -> #REF!
D83: ='BIÊN BẢN BÀN GIAO'!#REF! -> #REF! | E83: ='BIÊN BẢN BÀN GIAO'!#REF! -> #REF!
D84: ='BIÊN BẢN BÀN GIAO'!D18 -> 01ERC3001-002 | E84: ='BIÊN BẢN BÀN GIAO'!E18 -> ERC3001
D85: ='BIÊN BẢN BÀN GIAO'!D19 -> 01ERC3002-002 | E85: ='BIÊN BẢN BÀN GIAO'!E19 -> ERC3002
D86: ='BIÊN BẢN BÀN GIAO'!D20 -> 01ERC3002-001 | E86: ='BIÊN BẢN BÀN GIAO'!E20 -> ERC3002
D87: ='BIÊN BẢN BÀN GIAO'!#REF! -> #REF! | E87: ='BIÊN BẢN BÀN GIAO'!#REF! -> #REF! | F87: 2
D88: ='BIÊN BẢN BÀN GIAO'!#REF! -> #REF! | E88: ='BIÊN BẢN BÀN GIAO'!#REF! -> #REF!
D89: ='BIÊN BẢN BÀN GIAO'!#REF! -> #REF! | E89: ='BIÊN BẢN BÀN GIAO'!#REF! -> #REF!
D90: ='BIÊN BẢN BÀN GIAO'!#REF! -> #REF! | E90: ='BIÊN BẢN BÀN GIAO'!#REF! -> #REF!
D91: ='BIÊN BẢN BÀN GIAO'!#REF! -> #REF! | E91: ='BIÊN BẢN BÀN GIAO'!#REF! -> #REF!
D92: ='BIÊN BẢN BÀN GIAO'!#REF! -> #REF! | E92: ='BIÊN BẢN BÀN GIAO'!#REF! -> #REF!
D93: ='BIÊN BẢN BÀN GIAO'!#REF! -> #REF! | E93: ='BIÊN BẢN BÀN GIAO'!#REF! -> #REF!
